episode,reward,pdr
0,17.0,1
1,12.0,1
2,17.0,1
3,17.0,1
4,14.5,1
5,19.5,1
6,17.0,1
7,12.0,1
8,14.5,1
9,14.5,1
10,14.5,1
11,9.5,1
12,4.5,1
13,17.0,1
14,14.5,1
15,17.0,1
16,14.5,1
17,17.0,1
18,17.0,1
19,14.5,1
20,14.5,1
21,17.0,1
22,17.0,1
23,14.5,1
24,14.5,1
25,12.0,1
26,17.0,1
27,9.5,1
28,19.5,1
29,19.5,1
30,19.5,1
31,17.0,1
32,17.0,1
33,14.5,1
34,19.5,1
35,14.5,1
36,19.5,1
37,19.5,1
38,14.5,1
39,17.0,1
40,9.5,1
41,17.0,1
42,14.5,1
43,2.0,1
44,-5.5,0
45,19.5,1
46,17.0,1
47,19.5,1
48,17.0,1
49,14.5,1
50,12.0,1
51,17.0,1
52,14.5,1
53,14.5,1
54,9.5,1
55,14.5,1
56,17.0,1
57,14.5,1
58,17.0,1
59,17.0,1
60,17.0,1
61,19.5,1
62,17.0,1
63,14.5,1
64,14.5,1
65,12.0,1
66,17.0,1
67,14.5,1
68,17.0,1
69,17.0,1
70,17.0,1
71,19.5,1
72,17.0,1
73,17.0,1
74,17.0,1
75,14.5,1
76,17.0,1
77,17.0,1
78,17.0,1
79,14.5,1
80,9.5,1
81,17.0,1
82,9.5,1
83,14.5,1
84,17.0,1
85,17.0,1
86,17.0,1
87,7.0,1
88,19.5,1
89,12.0,1
90,9.5,1
91,17.0,1
92,14.5,1
93,17.0,1
94,17.0,1
95,17.0,1
96,12.0,1
97,14.5,1
98,17.0,1
99,17.0,1
100,17.0,1
101,14.5,1
102,14.5,1
103,17.0,1
104,9.5,1
105,14.5,1
106,14.5,1
107,14.5,1
108,14.5,1
109,14.5,1
110,17.0,1
111,17.0,1
112,17.0,1
113,19.5,1
114,14.5,1
115,19.5,1
116,17.0,1
117,9.5,1
118,17.0,1
119,12.0,1
120,17.0,1
121,12.0,1
122,17.0,1
123,9.5,1
124,14.5,1
125,14.5,1
126,17.0,1
127,17.0,1
128,14.5,1
129,14.5,1
130,14.5,1
131,12.0,1
132,17.0,1
133,17.0,1
134,17.0,1
135,14.5,1
136,17.0,1
137,17.0,1
138,19.5,1
139,17.0,1
140,17.0,1
141,14.5,1
142,12.0,1
143,14.5,1
144,17.0,1
145,17.0,1
146,17.0,1
147,17.0,1
148,14.5,1
149,17.0,1
150,14.5,1
151,17.0,1
152,17.0,1
153,17.0,1
154,14.5,1
155,14.5,1
156,19.5,1
157,7.0,1
158,12.0,1
159,17.0,1
160,14.5,1
161,17.0,1
162,9.5,1
163,14.5,1
164,14.5,1
165,14.5,1
166,14.5,1
167,9.5,1
168,14.5,1
169,9.5,1
170,19.5,1
171,19.5,1
172,17.0,1
173,17.0,1
174,14.5,1
175,19.5,1
176,19.5,1
177,17.0,1
178,19.5,1
179,19.5,1
180,9.5,1
181,17.0,1
182,19.5,1
183,9.5,1
184,17.0,1
185,12.0,1
186,19.5,1
187,17.0,1
188,12.0,1
189,17.0,1
190,14.5,1
191,17.0,1
192,19.5,1
193,17.0,1
194,19.5,1
195,17.0,1
196,14.5,1
197,14.5,1
198,17.0,1
199,17.0,1
200,17.0,1
201,12.0,1
202,14.5,1
203,17.0,1
204,14.5,1
205,17.0,1
206,14.5,1
207,17.0,1
208,14.5,1
209,14.5,1
210,14.5,1
211,7.0,1
212,14.5,1
213,17.0,1
214,14.5,1
215,14.5,1
216,14.5,1
217,7.0,1
218,17.0,1
219,9.5,1
220,14.5,1
221,7.0,1
222,17.0,1
223,17.0,1
224,17.0,1
225,14.5,1
226,19.5,1
227,17.0,1
228,17.0,1
229,17.0,1
230,14.5,1
231,4.5,1
232,14.5,1
233,17.0,1
234,7.0,1
235,17.0,1
236,19.5,1
237,17.0,1
238,17.0,1
239,17.0,1
240,12.0,1
241,17.0,1
242,17.0,1
243,7.0,1
244,19.5,1
245,19.5,1
246,14.5,1
247,14.5,1
248,14.5,1
249,17.0,1
250,19.5,1
251,17.0,1
252,17.0,1
253,4.5,1
254,17.0,1
255,9.5,1
256,17.0,1
257,17.0,1
258,14.5,1
259,12.0,1
260,17.0,1
261,14.5,1
262,17.0,1
263,12.0,1
264,14.5,1
265,17.0,1
266,19.5,1
267,14.5,1
268,17.0,1
269,7.0,1
270,17.0,1
271,14.5,1
272,4.5,1
273,12.0,1
274,14.5,1
275,19.5,1
276,12.0,1
277,14.5,1
278,14.5,1
279,17.0,1
280,17.0,1
281,17.0,1
282,17.0,1
283,17.0,1
284,17.0,1
285,17.0,1
286,17.0,1
287,17.0,1
288,12.0,1
289,7.0,1
290,14.5,1
291,19.5,1
292,17.0,1
293,12.0,1
294,17.0,1
295,14.5,1
296,14.5,1
297,12.0,1
298,17.0,1
299,14.5,1
300,14.5,1
301,19.5,1
302,17.0,1
303,17.0,1
304,17.0,1
305,17.0,1
306,14.5,1
307,14.5,1
308,14.5,1
309,17.0,1
310,17.0,1
311,14.5,1
312,14.5,1
313,14.5,1
314,12.0,1
315,17.0,1
316,14.5,1
317,14.5,1
318,12.0,1
319,17.0,1
320,17.0,1
321,14.5,1
322,14.5,1
323,17.0,1
324,14.5,1
325,17.0,1
326,17.0,1
327,12.0,1
328,12.0,1
329,17.0,1
330,17.0,1
331,17.0,1
332,17.0,1
333,17.0,1
334,19.5,1
335,17.0,1
336,14.5,1
337,14.5,1
338,17.0,1
339,14.5,1
340,17.0,1
341,14.5,1
342,17.0,1
343,12.0,1
344,14.5,1
345,17.0,1
346,17.0,1
347,4.5,1
348,14.5,1
349,12.0,1
350,14.5,1
351,17.0,1
352,17.0,1
353,14.5,1
354,14.5,1
355,17.0,1
356,14.5,1
357,17.0,1
358,2.0,1
359,14.5,1
360,14.5,1
361,17.0,1
362,17.0,1
363,17.0,1
364,17.0,1
365,17.0,1
366,14.5,1
367,14.5,1
368,14.5,1
369,17.0,1
370,17.0,1
371,14.5,1
372,17.0,1
373,19.5,1
374,14.5,1
375,17.0,1
376,14.5,1
377,14.5,1
378,19.5,1
379,12.0,1
380,17.0,1
381,12.0,1
382,14.5,1
383,17.0,1
384,14.5,1
385,17.0,1
386,17.0,1
387,14.5,1
388,17.0,1
389,19.5,1
390,17.0,1
391,17.0,1
392,17.0,1
393,14.5,1
394,17.0,1
395,14.5,1
396,17.0,1
397,9.5,1
398,17.0,1
399,19.5,1
400,17.0,1
401,9.5,1
402,12.0,1
403,17.0,1
404,14.5,1
405,17.0,1
406,19.5,1
407,14.5,1
408,14.5,1
409,14.5,1
410,14.5,1
411,14.5,1
412,17.0,1
413,14.5,1
414,12.0,1
415,19.5,1
416,7.0,1
417,17.0,1
418,17.0,1
419,19.5,1
420,12.0,1
421,17.0,1
422,17.0,1
423,17.0,1
424,19.5,1
425,17.0,1
426,17.0,1
427,14.5,1
428,9.5,1
429,17.0,1
430,17.0,1
431,14.5,1
432,9.5,1
433,17.0,1
434,19.5,1
435,19.5,1
436,17.0,1
437,17.0,1
438,9.5,1
439,14.5,1
440,14.5,1
441,17.0,1
442,17.0,1
443,19.5,1
444,17.0,1
445,17.0,1
446,14.5,1
447,19.5,1
448,17.0,1
449,17.0,1
450,14.5,1
451,19.5,1
452,12.0,1
453,12.0,1
454,9.5,1
455,17.0,1
456,19.5,1
457,14.5,1
458,9.5,1
459,9.5,1
460,19.5,1
461,19.5,1
462,14.5,1
463,7.0,1
464,-0.5,0
465,17.0,1
466,17.0,1
467,9.5,1
468,14.5,1
469,17.0,1
470,14.5,1
471,17.0,1
472,14.5,1
473,17.0,1
474,12.0,1
475,17.0,1
476,19.5,1
477,17.0,1
478,2.0,1
479,17.0,1
480,4.5,1
481,17.0,1
482,17.0,1
483,14.5,1
484,17.0,1
485,17.0,1
486,17.0,1
487,17.0,1
488,19.5,1
489,17.0,1
490,19.5,1
491,-5.5,0
492,17.0,1
493,14.5,1
494,19.5,1
495,9.5,1
496,17.0,1
497,14.5,1
498,17.0,1
499,17.0,1
500,14.5,1
501,7.0,1
502,17.0,1
503,14.5,1
504,19.5,1
505,14.5,1
506,19.5,1
507,17.0,1
508,17.0,1
509,17.0,1
510,14.5,1
511,19.5,1
512,17.0,1
513,14.5,1
514,14.5,1
515,17.0,1
516,17.0,1
517,17.0,1
518,14.5,1
519,19.5,1
520,14.5,1
521,17.0,1
522,19.5,1
523,12.0,1
524,7.0,1
525,14.5,1
526,12.0,1
527,17.0,1
528,12.0,1
529,17.0,1
530,17.0,1
531,12.0,1
532,17.0,1
533,17.0,1
534,17.0,1
535,12.0,1
536,9.5,1
537,14.5,1
538,14.5,1
539,17.0,1
540,17.0,1
541,17.0,1
542,17.0,1
543,17.0,1
544,14.5,1
545,17.0,1
546,19.5,1
547,17.0,1
548,12.0,1
549,14.5,1
550,17.0,1
551,14.5,1
552,-5.5,0
553,17.0,1
554,14.5,1
555,14.5,1
556,14.5,1
557,12.0,1
558,12.0,1
559,14.5,1
560,17.0,1
561,7.0,1
562,9.5,1
563,17.0,1
564,14.5,1
565,14.5,1
566,12.0,1
567,19.5,1
568,19.5,1
569,17.0,1
570,12.0,1
571,17.0,1
572,17.0,1
573,14.5,1
574,17.0,1
575,-10.5,0
576,14.5,1
577,14.5,1
578,12.0,1
579,14.5,1
580,7.0,1
581,17.0,1
582,14.5,1
583,19.5,1
584,17.0,1
585,12.0,1
586,17.0,1
587,14.5,1
588,14.5,1
589,14.5,1
590,17.0,1
591,-5.5,0
592,17.0,1
593,14.5,1
594,-3.0,0
595,17.0,1
596,17.0,1
597,19.5,1
598,17.0,1
599,19.5,1
600,14.5,1
601,17.0,1
602,17.0,1
603,7.0,1
604,19.5,1
605,14.5,1
606,19.5,1
607,17.0,1
608,19.5,1
609,14.5,1
610,17.0,1
611,12.0,1
612,19.5,1
613,17.0,1
614,14.5,1
615,17.0,1
616,17.0,1
617,14.5,1
618,19.5,1
619,14.5,1
620,17.0,1
621,19.5,1
622,14.5,1
623,14.5,1
624,2.0,1
625,17.0,1
626,14.5,1
627,17.0,1
628,14.5,1
629,17.0,1
630,14.5,1
631,14.5,1
632,12.0,1
633,12.0,1
634,17.0,1
635,14.5,1
636,2.0,1
637,9.5,1
638,17.0,1
639,17.0,1
640,17.0,1
641,9.5,1
642,14.5,1
643,7.0,1
644,4.5,1
645,14.5,1
646,19.5,1
647,17.0,1
648,14.5,1
649,14.5,1
650,14.5,1
651,12.0,1
652,19.5,1
653,14.5,1
654,-0.5,0
655,17.0,1
656,14.5,1
657,17.0,1
658,17.0,1
659,19.5,1
660,19.5,1
661,17.0,1
662,17.0,1
663,-13.0,0
664,14.5,1
665,17.0,1
666,17.0,1
667,17.0,1
668,14.5,1
669,19.5,1
670,17.0,1
671,14.5,1
672,14.5,1
673,17.0,1
674,-3.0,0
675,17.0,1
676,14.5,1
677,14.5,1
678,19.5,1
679,14.5,1
680,17.0,1
681,14.5,1
682,19.5,1
683,17.0,1
684,9.5,1
685,19.5,1
686,14.5,1
687,17.0,1
688,17.0,1
689,17.0,1
690,17.0,1
691,12.0,1
692,14.5,1
693,17.0,1
694,17.0,1
695,17.0,1
696,17.0,1
697,17.0,1
698,14.5,1
699,-8.0,0
700,17.0,1
701,19.5,1
702,17.0,1
703,17.0,1
704,14.5,1
705,-3.0,0
706,17.0,1
707,14.5,1
708,17.0,1
709,14.5,1
710,19.5,1
711,17.0,1
712,19.5,1
713,14.5,1
714,17.0,1
715,17.0,1
716,19.5,1
717,14.5,1
718,17.0,1
719,7.0,1
720,4.5,1
721,19.5,1
722,17.0,1
723,12.0,1
724,9.5,1
725,-18.0,0
726,14.5,1
727,19.5,1
728,17.0,1
729,17.0,1
730,9.5,1
731,17.0,1
732,14.5,1
733,17.0,1
734,-5.5,0
735,19.5,1
736,14.5,1
737,14.5,1
738,17.0,1
739,19.5,1
740,17.0,1
741,17.0,1
742,17.0,1
743,17.0,1
744,19.5,1
745,17.0,1
746,17.0,1
747,17.0,1
748,17.0,1
749,17.0,1
750,4.5,1
751,19.5,1
752,17.0,1
753,19.5,1
754,14.5,1
755,17.0,1
756,17.0,1
757,14.5,1
758,4.5,1
759,19.5,1
760,17.0,1
761,12.0,1
762,17.0,1
763,19.5,1
764,17.0,1
765,12.0,1
766,17.0,1
767,12.0,1
768,14.5,1
769,14.5,1
770,14.5,1
771,14.5,1
772,17.0,1
773,19.5,1
774,17.0,1
775,17.0,1
776,17.0,1
777,17.0,1
778,17.0,1
779,17.0,1
780,17.0,1
781,14.5,1
782,19.5,1
783,17.0,1
784,14.5,1
785,17.0,1
786,12.0,1
787,-0.5,0
788,12.0,1
789,14.5,1
790,14.5,1
791,17.0,1
792,19.5,1
793,17.0,1
794,-0.5,0
795,17.0,1
796,17.0,1
797,17.0,1
798,14.5,1
799,-15.5,0
800,14.5,1
801,17.0,1
802,17.0,1
803,17.0,1
804,17.0,1
805,14.5,1
806,17.0,1
807,7.0,1
808,17.0,1
809,17.0,1
810,-3.0,0
811,14.5,1
812,14.5,1
813,17.0,1
814,17.0,1
815,-25.5,0
816,17.0,1
817,17.0,1
818,14.5,1
819,19.5,1
820,17.0,1
821,17.0,1
822,17.0,1
823,9.5,1
824,19.5,1
825,17.0,1
826,12.0,1
827,17.0,1
828,17.0,1
829,14.5,1
830,17.0,1
831,14.5,1
832,-5.5,0
833,17.0,1
834,17.0,1
835,2.0,1
836,2.0,1
837,17.0,1
838,14.5,1
839,17.0,1
840,19.5,1
841,17.0,1
842,17.0,1
843,-15.5,0
844,19.5,1
845,9.5,1
846,17.0,1
847,19.5,1
848,19.5,1
849,14.5,1
850,14.5,1
851,14.5,1
852,14.5,1
853,17.0,1
854,14.5,1
855,14.5,1
856,12.0,1
857,2.0,1
858,14.5,1
859,14.5,1
860,17.0,1
861,14.5,1
862,17.0,1
863,14.5,1
864,17.0,1
865,17.0,1
866,17.0,1
867,14.5,1
868,2.0,1
869,17.0,1
870,12.0,1
871,17.0,1
872,9.5,1
873,17.0,1
874,19.5,1
875,14.5,1
876,17.0,1
877,17.0,1
878,19.5,1
879,-5.5,0
880,17.0,1
881,-5.5,0
882,14.5,1
883,14.5,1
884,17.0,1
885,14.5,1
886,14.5,1
887,17.0,1
888,14.5,1
889,14.5,1
890,17.0,1
891,17.0,1
892,-0.5,0
893,14.5,1
894,12.0,1
895,14.5,1
896,14.5,1
897,19.5,1
898,14.5,1
899,17.0,1
900,-0.5,0
901,14.5,1
902,17.0,1
903,-13.0,0
904,9.5,1
905,14.5,1
906,17.0,1
907,17.0,1
908,17.0,1
909,4.5,1
910,17.0,1
911,17.0,1
912,14.5,1
913,17.0,1
914,14.5,1
915,19.5,1
916,17.0,1
917,17.0,1
918,17.0,1
919,17.0,1
920,17.0,1
921,17.0,1
922,14.5,1
923,14.5,1
924,19.5,1
925,14.5,1
926,7.0,1
927,14.5,1
928,9.5,1
929,14.5,1
930,14.5,1
931,14.5,1
932,17.0,1
933,14.5,1
934,14.5,1
935,17.0,1
936,14.5,1
937,9.5,1
938,14.5,1
939,14.5,1
940,17.0,1
941,12.0,1
942,17.0,1
943,12.0,1
944,14.5,1
945,17.0,1
946,9.5,1
947,14.5,1
948,17.0,1
949,9.5,1
950,17.0,1
951,17.0,1
952,17.0,1
953,14.5,1
954,12.0,1
955,17.0,1
956,17.0,1
957,14.5,1
958,19.5,1
959,17.0,1
960,17.0,1
961,7.0,1
962,17.0,1
963,17.0,1
964,17.0,1
965,17.0,1
966,17.0,1
967,19.5,1
968,14.5,1
969,17.0,1
970,17.0,1
971,14.5,1
972,14.5,1
973,17.0,1
974,14.5,1
975,17.0,1
976,17.0,1
977,14.5,1
978,17.0,1
979,17.0,1
980,17.0,1
981,17.0,1
982,17.0,1
983,19.5,1
984,12.0,1
985,14.5,1
986,17.0,1
987,7.0,1
988,9.5,1
989,19.5,1
990,4.5,1
991,17.0,1
992,-13.0,0
993,17.0,1
994,17.0,1
995,14.5,1
996,17.0,1
997,12.0,1
998,17.0,1
999,17.0,1
1000,-0.5,0
1001,17.0,1
1002,17.0,1
1003,19.5,1
1004,17.0,1
1005,17.0,1
1006,17.0,1
1007,14.5,1
1008,19.5,1
1009,19.5,1
1010,17.0,1
1011,14.5,1
1012,17.0,1
1013,14.5,1
1014,4.5,1
1015,-28.0,0
1016,17.0,1
1017,17.0,1
1018,19.5,1
1019,-10.5,0
1020,17.0,1
1021,19.5,1
1022,14.5,1
1023,17.0,1
1024,17.0,1
1025,17.0,1
1026,19.5,1
1027,14.5,1
1028,14.5,1
1029,17.0,1
1030,17.0,1
1031,17.0,1
1032,17.0,1
1033,17.0,1
1034,17.0,1
1035,14.5,1
1036,12.0,1
1037,17.0,1
1038,17.0,1
1039,14.5,1
1040,-25.5,0
1041,9.5,1
1042,19.5,1
1043,17.0,1
1044,17.0,1
1045,19.5,1
1046,19.5,1
1047,14.5,1
1048,17.0,1
1049,14.5,1
1050,-10.5,0
1051,17.0,1
1052,17.0,1
1053,-13.0,0
1054,19.5,1
1055,-13.0,0
1056,17.0,1
1057,14.5,1
1058,17.0,1
1059,9.5,1
1060,14.5,1
1061,17.0,1
1062,19.5,1
1063,-0.5,0
1064,17.0,1
1065,14.5,1
1066,17.0,1
1067,17.0,1
1068,12.0,1
1069,14.5,1
1070,17.0,1
1071,17.0,1
1072,17.0,1
1073,17.0,1
1074,14.5,1
1075,19.5,1
1076,19.5,1
1077,17.0,1
1078,19.5,1
1079,14.5,1
1080,19.5,1
1081,9.5,1
1082,19.5,1
1083,17.0,1
1084,17.0,1
1085,17.0,1
1086,14.5,1
1087,17.0,1
1088,19.5,1
1089,17.0,1
1090,17.0,1
1091,14.5,1
1092,19.5,1
1093,17.0,1
1094,17.0,1
1095,14.5,1
1096,17.0,1
1097,-3.0,0
1098,14.5,1
1099,14.5,1
1100,14.5,1
1101,17.0,1
1102,17.0,1
1103,17.0,1
1104,14.5,1
1105,19.5,1
1106,14.5,1
1107,-8.0,0
1108,-3.0,0
1109,17.0,1
1110,17.0,1
1111,14.5,1
1112,19.5,1
1113,17.0,1
1114,17.0,1
1115,9.5,1
1116,17.0,1
1117,14.5,1
1118,17.0,1
1119,2.0,1
1120,17.0,1
1121,17.0,1
1122,17.0,1
1123,17.0,1
1124,17.0,1
1125,14.5,1
1126,14.5,1
1127,19.5,1
1128,19.5,1
1129,19.5,1
1130,-8.0,0
1131,17.0,1
1132,19.5,1
1133,4.5,1
1134,17.0,1
1135,12.0,1
1136,7.0,1
1137,17.0,1
1138,17.0,1
1139,19.5,1
1140,14.5,1
1141,12.0,1
1142,19.5,1
1143,17.0,1
1144,2.0,1
1145,14.5,1
1146,19.5,1
1147,17.0,1
1148,17.0,1
1149,19.5,1
1150,9.5,1
1151,-0.5,0
1152,17.0,1
1153,4.5,1
1154,19.5,1
1155,17.0,1
1156,17.0,1
1157,17.0,1
1158,14.5,1
1159,17.0,1
1160,14.5,1
1161,14.5,1
1162,14.5,1
1163,17.0,1
1164,14.5,1
1165,4.5,1
1166,17.0,1
1167,17.0,1
1168,9.5,1
1169,17.0,1
1170,14.5,1
1171,17.0,1
1172,17.0,1
1173,14.5,1
1174,17.0,1
1175,14.5,1
1176,14.5,1
1177,17.0,1
1178,19.5,1
1179,14.5,1
1180,17.0,1
1181,17.0,1
1182,17.0,1
1183,19.5,1
1184,14.5,1
1185,14.5,1
1186,17.0,1
1187,17.0,1
1188,17.0,1
1189,17.0,1
1190,14.5,1
1191,17.0,1
1192,17.0,1
1193,17.0,1
1194,17.0,1
1195,17.0,1
1196,-5.5,0
1197,12.0,1
1198,17.0,1
1199,9.5,1
1200,19.5,1
1201,17.0,1
1202,17.0,1
1203,14.5,1
1204,14.5,1
1205,17.0,1
1206,19.5,1
1207,17.0,1
1208,17.0,1
1209,17.0,1
1210,14.5,1
1211,19.5,1
1212,14.5,1
1213,14.5,1
1214,19.5,1
1215,17.0,1
1216,17.0,1
1217,19.5,1
1218,17.0,1
1219,14.5,1
1220,19.5,1
1221,17.0,1
1222,17.0,1
1223,17.0,1
1224,17.0,1
1225,14.5,1
1226,14.5,1
1227,12.0,1
1228,12.0,1
1229,17.0,1
1230,14.5,1
1231,2.0,1
1232,17.0,1
1233,9.5,1
1234,14.5,1
1235,14.5,1
1236,17.0,1
1237,14.5,1
1238,-8.0,0
1239,17.0,1
1240,19.5,1
1241,14.5,1
1242,17.0,1
1243,14.5,1
1244,17.0,1
1245,14.5,1
1246,14.5,1
1247,14.5,1
1248,17.0,1
1249,14.5,1
1250,14.5,1
1251,7.0,1
1252,17.0,1
1253,-8.0,0
1254,-10.5,0
1255,14.5,1
1256,17.0,1
1257,19.5,1
1258,2.0,1
1259,17.0,1
1260,17.0,1
1261,2.0,1
1262,19.5,1
1263,19.5,1
1264,14.5,1
1265,-3.0,0
1266,19.5,1
1267,17.0,1
1268,14.5,1
1269,19.5,1
1270,14.5,1
1271,17.0,1
1272,14.5,1
1273,2.0,1
1274,-3.0,0
1275,14.5,1
1276,17.0,1
1277,17.0,1
1278,14.5,1
1279,17.0,1
1280,9.5,1
1281,14.5,1
1282,17.0,1
1283,4.5,1
1284,17.0,1
1285,17.0,1
1286,19.5,1
1287,17.0,1
1288,14.5,1
1289,14.5,1
1290,17.0,1
1291,17.0,1
1292,12.0,1
1293,14.5,1
1294,12.0,1
1295,19.5,1
1296,9.5,1
1297,17.0,1
1298,14.5,1
1299,14.5,1
1300,14.5,1
1301,19.5,1
1302,17.0,1
1303,17.0,1
1304,17.0,1
1305,-13.0,0
1306,14.5,1
1307,17.0,1
1308,19.5,1
1309,17.0,1
1310,12.0,1
1311,17.0,1
1312,19.5,1
1313,17.0,1
1314,-0.5,0
1315,17.0,1
1316,19.5,1
1317,14.5,1
1318,14.5,1
1319,19.5,1
1320,2.0,1
1321,19.5,1
1322,14.5,1
1323,19.5,1
1324,14.5,1
1325,19.5,1
1326,12.0,1
1327,-5.5,0
1328,12.0,1
1329,14.5,1
1330,12.0,1
1331,14.5,1
1332,14.5,1
1333,-0.5,0
1334,17.0,1
1335,17.0,1
1336,12.0,1
1337,14.5,1
1338,9.5,1
1339,9.5,1
1340,14.5,1
1341,14.5,1
1342,2.0,1
1343,14.5,1
1344,19.5,1
1345,17.0,1
1346,19.5,1
1347,14.5,1
1348,14.5,1
1349,-0.5,0
1350,14.5,1
1351,-15.5,0
1352,17.0,1
1353,19.5,1
1354,14.5,1
1355,17.0,1
1356,14.5,1
1357,17.0,1
1358,19.5,1
1359,14.5,1
1360,17.0,1
1361,17.0,1
1362,17.0,1
1363,-33.0,0
1364,19.5,1
1365,17.0,1
1366,14.5,1
1367,4.5,1
1368,17.0,1
1369,19.5,1
1370,14.5,1
1371,17.0,1
1372,17.0,1
1373,12.0,1
1374,14.5,1
1375,7.0,1
1376,17.0,1
1377,14.5,1
1378,17.0,1
1379,17.0,1
1380,14.5,1
1381,17.0,1
1382,19.5,1
1383,17.0,1
1384,17.0,1
1385,4.5,1
1386,17.0,1
1387,14.5,1
1388,17.0,1
1389,17.0,1
1390,17.0,1
1391,2.0,1
1392,4.5,1
1393,14.5,1
1394,17.0,1
1395,14.5,1
1396,7.0,1
1397,7.0,1
1398,19.5,1
1399,-3.0,0
1400,-15.5,0
1401,14.5,1
1402,14.5,1
1403,17.0,1
1404,14.5,1
1405,19.5,1
1406,9.5,1
1407,14.5,1
1408,-10.5,0
1409,19.5,1
1410,17.0,1
1411,17.0,1
1412,12.0,1
1413,17.0,1
1414,17.0,1
1415,4.5,1
1416,14.5,1
1417,17.0,1
1418,17.0,1
1419,17.0,1
1420,17.0,1
1421,17.0,1
1422,14.5,1
1423,17.0,1
1424,17.0,1
1425,17.0,1
1426,14.5,1
1427,14.5,1
1428,17.0,1
1429,14.5,1
1430,19.5,1
1431,14.5,1
1432,17.0,1
1433,14.5,1
1434,-15.5,0
1435,17.0,1
1436,17.0,1
1437,17.0,1
1438,-0.5,0
1439,17.0,1
1440,17.0,1
1441,17.0,1
1442,17.0,1
1443,-3.0,0
1444,14.5,1
1445,2.0,1
1446,-28.0,0
1447,17.0,1
1448,14.5,1
1449,19.5,1
1450,19.5,1
1451,17.0,1
1452,14.5,1
1453,17.0,1
1454,17.0,1
1455,19.5,1
1456,-5.5,0
1457,17.0,1
1458,19.5,1
1459,14.5,1
1460,14.5,1
1461,14.5,1
1462,14.5,1
1463,-10.5,0
1464,9.5,1
1465,14.5,1
1466,17.0,1
1467,19.5,1
1468,14.5,1
1469,17.0,1
1470,17.0,1
1471,17.0,1
1472,2.0,1
1473,14.5,1
1474,12.0,1
1475,17.0,1
1476,17.0,1
1477,9.5,1
1478,4.5,1
1479,17.0,1
1480,19.5,1
1481,14.5,1
1482,14.5,1
1483,7.0,1
1484,14.5,1
1485,17.0,1
1486,17.0,1
1487,19.5,1
1488,-43.0,0
1489,17.0,1
1490,-0.5,0
1491,14.5,1
1492,14.5,1
1493,14.5,1
1494,-43.0,0
1495,17.0,1
1496,7.0,1
1497,17.0,1
1498,19.5,1
1499,17.0,1
1500,19.5,1
1501,19.5,1
1502,17.0,1
1503,-15.5,0
1504,14.5,1
1505,14.5,1
1506,17.0,1
1507,19.5,1
1508,17.0,1
1509,2.0,1
1510,17.0,1
1511,14.5,1
1512,-3.0,0
1513,19.5,1
1514,14.5,1
1515,19.5,1
1516,17.0,1
1517,14.5,1
1518,14.5,1
1519,14.5,1
1520,17.0,1
1521,17.0,1
1522,14.5,1
1523,17.0,1
1524,17.0,1
1525,17.0,1
1526,17.0,1
1527,17.0,1
1528,17.0,1
1529,12.0,1
1530,17.0,1
1531,17.0,1
1532,-10.5,0
1533,14.5,1
1534,19.5,1
1535,17.0,1
1536,17.0,1
1537,7.0,1
1538,14.5,1
1539,2.0,1
1540,14.5,1
1541,14.5,1
1542,14.5,1
1543,14.5,1
1544,17.0,1
1545,14.5,1
1546,17.0,1
1547,17.0,1
1548,17.0,1
1549,17.0,1
1550,17.0,1
1551,17.0,1
1552,17.0,1
1553,17.0,1
1554,17.0,1
1555,14.5,1
1556,17.0,1
1557,14.5,1
1558,19.5,1
1559,14.5,1
1560,17.0,1
1561,17.0,1
1562,17.0,1
1563,17.0,1
1564,19.5,1
1565,17.0,1
1566,17.0,1
1567,14.5,1
1568,17.0,1
1569,17.0,1
1570,17.0,1
1571,14.5,1
1572,17.0,1
1573,19.5,1
1574,-10.5,0
1575,14.5,1
1576,17.0,1
1577,12.0,1
1578,14.5,1
1579,14.5,1
1580,17.0,1
1581,17.0,1
1582,19.5,1
1583,17.0,1
1584,-10.5,0
1585,14.5,1
1586,-3.0,0
1587,19.5,1
1588,19.5,1
1589,17.0,1
1590,-10.5,0
1591,17.0,1
1592,17.0,1
1593,17.0,1
1594,17.0,1
1595,14.5,1
1596,17.0,1
1597,17.0,1
1598,14.5,1
1599,17.0,1
1600,17.0,1
1601,-33.0,0
1602,19.5,1
1603,17.0,1
1604,19.5,1
1605,17.0,1
1606,17.0,1
1607,-35.5,0
1608,12.0,1
1609,17.0,1
1610,17.0,1
1611,19.5,1
1612,-8.0,0
1613,17.0,1
1614,4.5,1
1615,-3.0,0
1616,14.5,1
1617,19.5,1
1618,19.5,1
1619,17.0,1
1620,-0.5,0
1621,17.0,1
1622,17.0,1
1623,17.0,1
1624,14.5,1
1625,-5.5,0
1626,19.5,1
1627,19.5,1
1628,17.0,1
1629,7.0,1
1630,9.5,1
1631,14.5,1
1632,14.5,1
1633,17.0,1
1634,19.5,1
1635,17.0,1
1636,17.0,1
1637,-13.0,0
1638,14.5,1
1639,14.5,1
1640,19.5,1
1641,17.0,1
1642,-0.5,0
1643,17.0,1
1644,17.0,1
1645,9.5,1
1646,17.0,1
1647,14.5,1
1648,17.0,1
1649,14.5,1
1650,14.5,1
1651,17.0,1
1652,17.0,1
1653,19.5,1
1654,19.5,1
1655,14.5,1
1656,14.5,1
1657,14.5,1
1658,19.5,1
1659,17.0,1
1660,-15.5,0
1661,17.0,1
1662,-0.5,0
1663,-28.0,0
1664,19.5,1
1665,19.5,1
1666,17.0,1
1667,17.0,1
1668,19.5,1
1669,17.0,1
1670,19.5,1
1671,-10.5,0
1672,14.5,1
1673,17.0,1
1674,14.5,1
1675,17.0,1
1676,17.0,1
1677,14.5,1
1678,17.0,1
1679,17.0,1
1680,17.0,1
1681,14.5,1
1682,19.5,1
1683,-3.0,0
1684,17.0,1
1685,2.0,1
1686,17.0,1
1687,14.5,1
1688,17.0,1
1689,17.0,1
1690,9.5,1
1691,17.0,1
1692,14.5,1
1693,17.0,1
1694,9.5,1
1695,17.0,1
1696,14.5,1
1697,14.5,1
1698,-68.0,0
1699,14.5,1
1700,17.0,1
1701,19.5,1
1702,14.5,1
1703,17.0,1
1704,17.0,1
1705,17.0,1
1706,14.5,1
1707,19.5,1
1708,14.5,1
1709,14.5,1
1710,7.0,1
1711,19.5,1
1712,14.5,1
1713,14.5,1
1714,17.0,1
1715,17.0,1
1716,19.5,1
1717,17.0,1
1718,19.5,1
1719,14.5,1
1720,17.0,1
1721,14.5,1
1722,17.0,1
1723,17.0,1
1724,17.0,1
1725,17.0,1
1726,9.5,1
1727,17.0,1
1728,17.0,1
1729,14.5,1
1730,7.0,1
1731,14.5,1
1732,-0.5,0
1733,19.5,1
1734,14.5,1
1735,17.0,1
1736,17.0,1
1737,-35.5,0
1738,-10.5,0
1739,14.5,1
1740,19.5,1
1741,-23.0,0
1742,17.0,1
1743,14.5,1
1744,19.5,1
1745,17.0,1
1746,-18.0,0
1747,17.0,1
1748,17.0,1
1749,17.0,1
1750,-25.5,0
1751,7.0,1
1752,17.0,1
1753,14.5,1
1754,17.0,1
1755,17.0,1
1756,17.0,1
1757,14.5,1
1758,17.0,1
1759,14.5,1
1760,17.0,1
1761,-5.5,0
1762,9.5,1
1763,17.0,1
1764,17.0,1
1765,17.0,1
1766,17.0,1
1767,14.5,1
1768,17.0,1
1769,17.0,1
1770,-0.5,0
1771,17.0,1
1772,17.0,1
1773,14.5,1
1774,19.5,1
1775,14.5,1
1776,14.5,1
1777,12.0,1
1778,19.5,1
1779,19.5,1
1780,17.0,1
1781,17.0,1
1782,14.5,1
1783,-5.5,0
1784,-3.0,0
1785,14.5,1
1786,-13.0,0
1787,2.0,1
1788,19.5,1
1789,14.5,1
1790,19.5,1
1791,14.5,1
1792,17.0,1
1793,2.0,1
1794,7.0,1
1795,14.5,1
1796,-30.5,0
1797,19.5,1
1798,17.0,1
1799,14.5,1
1800,-3.0,0
1801,17.0,1
1802,4.5,1
1803,17.0,1
1804,17.0,1
1805,17.0,1
1806,-43.0,0
1807,17.0,1
1808,19.5,1
1809,12.0,1
1810,17.0,1
1811,17.0,1
1812,-8.0,0
1813,-68.0,0
1814,17.0,1
1815,7.0,1
1816,14.5,1
1817,17.0,1
1818,14.5,1
1819,-33.0,0
1820,17.0,1
1821,17.0,1
1822,-68.0,0
1823,17.0,1
1824,17.0,1
1825,-68.0,0
1826,17.0,1
1827,14.5,1
1828,14.5,1
1829,17.0,1
1830,17.0,1
1831,17.0,1
1832,19.5,1
1833,17.0,1
1834,19.5,1
1835,7.0,1
1836,19.5,1
1837,17.0,1
1838,7.0,1
1839,17.0,1
1840,14.5,1
1841,17.0,1
1842,17.0,1
1843,17.0,1
1844,14.5,1
1845,19.5,1
1846,14.5,1
1847,-10.5,0
1848,17.0,1
1849,19.5,1
1850,14.5,1
1851,17.0,1
1852,19.5,1
1853,-28.0,0
1854,14.5,1
1855,17.0,1
1856,19.5,1
1857,12.0,1
1858,14.5,1
1859,17.0,1
1860,17.0,1
1861,19.5,1
1862,-48.0,0
1863,17.0,1
1864,19.5,1
1865,-18.0,0
1866,17.0,1
1867,14.5,1
1868,4.5,1
1869,17.0,1
1870,17.0,1
1871,17.0,1
1872,17.0,1
1873,17.0,1
1874,-5.5,0
1875,17.0,1
1876,17.0,1
1877,17.0,1
1878,14.5,1
1879,17.0,1
1880,17.0,1
1881,14.5,1
1882,19.5,1
1883,14.5,1
1884,17.0,1
1885,19.5,1
1886,17.0,1
1887,2.0,1
1888,19.5,1
1889,14.5,1
1890,14.5,1
1891,-8.0,0
1892,17.0,1
1893,19.5,1
1894,17.0,1
1895,14.5,1
1896,12.0,1
1897,17.0,1
1898,14.5,1
1899,19.5,1
1900,-0.5,0
1901,-0.5,0
1902,19.5,1
1903,14.5,1
1904,17.0,1
1905,14.5,1
1906,19.5,1
1907,17.0,1
1908,17.0,1
1909,14.5,1
1910,14.5,1
1911,17.0,1
1912,17.0,1
1913,12.0,1
1914,7.0,1
1915,17.0,1
1916,17.0,1
1917,-3.0,0
1918,14.5,1
1919,17.0,1
1920,17.0,1
1921,17.0,1
1922,14.5,1
1923,4.5,1
1924,7.0,1
1925,17.0,1
1926,17.0,1
1927,9.5,1
1928,17.0,1
1929,17.0,1
1930,-3.0,0
1931,14.5,1
1932,19.5,1
1933,17.0,1
1934,17.0,1
1935,7.0,1
1936,19.5,1
1937,17.0,1
1938,17.0,1
1939,14.5,1
1940,17.0,1
1941,17.0,1
1942,19.5,1
1943,14.5,1
1944,-8.0,0
1945,17.0,1
1946,9.5,1
1947,17.0,1
1948,14.5,1
1949,17.0,1
1950,7.0,1
1951,17.0,1
1952,14.5,1
1953,12.0,1
1954,-5.5,0
1955,-23.0,0
1956,14.5,1
1957,17.0,1
1958,17.0,1
1959,14.5,1
1960,17.0,1
1961,17.0,1
1962,17.0,1
1963,7.0,1
1964,-13.0,0
1965,14.5,1
1966,17.0,1
1967,7.0,1
1968,17.0,1
1969,19.5,1
1970,-35.5,0
1971,17.0,1
1972,17.0,1
1973,17.0,1
1974,17.0,1
1975,19.5,1
1976,17.0,1
1977,17.0,1
1978,2.0,1
1979,17.0,1
1980,19.5,1
1981,17.0,1
1982,17.0,1
1983,19.5,1
1984,17.0,1
1985,14.5,1
1986,14.5,1
1987,17.0,1
1988,4.5,1
1989,-8.0,0
1990,-13.0,0
1991,14.5,1
1992,14.5,1
1993,14.5,1
1994,14.5,1
1995,17.0,1
1996,17.0,1
1997,14.5,1
1998,17.0,1
1999,12.0,1
