delivered,hops,delay
True,3,6.96
False,25,99.75
False,23,83.0
True,15,56.74999999999999
True,9,28.28
True,27,124.03999999999999
False,40,169.89000000000001
False,34,154.67000000000004
True,11,51.239999999999995
True,23,81.77
False,25,94.04
False,33,143.01
False,32,166.01999999999998
True,16,74.6
True,24,104.46000000000001
False,20,62.930000000000014
True,28,126.45000000000002
True,7,29.650000000000002
False,31,127.2
False,40,171.82999999999998
True,38,159.15000000000003
True,13,49.109999999999985
True,20,76.25
True,18,57.529999999999994
True,26,112.1
True,42,165.36
False,39,184.06000000000003
True,8,14.04
True,2,5.41
True,13,40.86000000000001
True,7,27.78
True,10,35.57
True,26,111.3
True,38,192.32999999999996
True,14,47.96000000000001
True,17,45.58000000000001
True,16,52.7
True,8,32.74
True,37,151.71999999999997
True,1,4.23
False,28,118.99000000000001
True,19,81.29
True,2,5.890000000000001
True,15,58.290000000000006
True,24,93.18
True,3,6.74
True,8,24.89
True,39,177.02
True,15,50.01999999999999
False,27,93.9
False,27,117.97999999999999
True,7,18.01
True,11,29.36
True,12,41.269999999999996
True,29,118.18999999999998
True,19,71.45
True,7,22.71
True,24,99.23
True,36,180.90999999999997
True,38,166.61999999999998
False,32,139.07
True,25,82.46999999999998
True,5,17.41
False,26,109.53
True,3,5.01
True,37,134.98
True,27,119.00999999999998
True,7,17.330000000000002
True,40,174.88
False,29,125.41000000000001
True,31,129.69
True,7,22.509999999999998
False,33,125.89000000000003
False,36,122.75999999999999
True,1,2.68
False,16,61.150000000000006
True,15,66.16
False,32,148.45000000000002
True,17,74.33000000000001
True,17,64.97
True,14,60.190000000000005
True,32,148.98000000000005
True,15,65.22999999999999
True,28,123.3
True,6,17.19
False,37,146.35999999999999
True,10,39.60999999999999
False,30,134.12
False,27,103.30999999999999
True,1,9.56
True,2,5.16
True,17,46.550000000000004
True,18,68.35
False,38,189.29000000000002
True,7,23.59
True,14,50.93
False,38,186.44
True,18,73.38
True,18,67.56
True,28,90.94000000000001
False,33,132.9
True,23,75.77
True,1,2.45
True,2,4.1
True,20,82.32
True,27,115.66999999999999
True,5,9.989999999999998
False,36,153.14999999999998
True,1,3.14
False,34,152.41
True,3,7.739999999999999
True,35,148.93000000000004
True,18,57.45
True,5,15.860000000000001
False,22,84.38
False,30,146.44000000000003
False,39,179.84999999999997
False,29,109.69999999999999
True,34,148.56999999999996
True,5,12.030000000000001
True,22,84.53999999999999
True,5,17.660000000000004
True,27,131.88
True,1,2.53
True,28,120.26999999999998
True,13,47.36999999999999
True,1,1.33
False,28,126.24999999999999
True,12,39.569999999999986
False,19,88.37
False,39,147.53000000000003
False,37,157.14
True,15,47.739999999999995
True,31,120.67999999999998
True,5,12.360000000000001
False,15,56.39
False,35,150.51000000000005
True,24,80.91999999999999
True,20,79.36
False,18,64.45
True,20,66.68
True,1,1.42
True,29,125.14999999999998
False,24,79.76
False,33,157.62
True,28,121.99000000000001
False,24,96.08999999999999
False,36,169.84
True,12,56.09
True,25,95.49
False,38,169.15000000000003
True,32,137.34000000000003
False,32,134.77
False,37,170.51999999999998
True,24,92.33
True,8,30.18
True,16,51.27
False,42,216.99000000000007
True,13,26.43
False,10,30.94
True,21,86.81
True,23,85.2
True,23,89.72
True,12,38.949999999999996
True,12,43.62
False,33,119.81000000000002
True,37,164.67
True,31,151.82000000000002
False,43,198.28
True,29,124.75000000000001
False,40,168.76
True,14,40.93
True,14,42.230000000000004
False,43,191.86
True,7,31.98
True,31,137.34
False,38,160.15
True,18,76.63
True,2,4.47
True,12,38.209999999999994
False,43,199.56000000000003
True,2,6.84
True,29,122.52000000000001
True,16,52.66
True,33,156.57
True,14,77.52000000000001
True,35,143.65000000000003
False,40,160.14
True,10,38.279999999999994
False,36,155.00000000000003
True,7,19.409999999999997
False,28,126.69
True,1,3.53
True,17,61.46000000000001
True,10,24.55
False,29,111.8
False,36,153.78
True,15,36.06
True,1,4.27
True,6,29.53
True,35,142.97
False,25,110.94000000000001
False,29,102.53999999999999
True,4,14.59
False,40,170.24
True,29,107.36999999999998
True,6,16.15
True,1,2.57
False,36,164.23
False,35,147.92
False,26,92.13999999999999
True,25,77.97999999999998
True,26,107.55999999999999
True,7,24.480000000000004
True,7,15.91
True,4,12.870000000000001
True,14,55.3
True,2,7.18
True,3,14.26
True,12,47.86
True,19,77.81
False,26,100.75999999999999
True,39,175.26999999999998
True,34,153.65999999999997
True,16,47.74
True,12,41.97000000000001
True,20,86.71
True,17,60.57
True,8,20.97
True,35,112.31000000000002
True,11,50.58
True,24,82.28999999999999
False,27,93.7
False,35,141.62999999999997
False,33,137.19
True,34,139.64
True,25,82.36
True,10,30.36
True,31,127.68000000000004
True,10,27.86
False,34,136.28
False,33,132.14000000000001
True,3,11.950000000000001
True,16,66.19
False,26,95.41
False,14,45.21999999999999
True,2,7.09
False,27,97.23
True,28,108.39
False,32,132.21
True,19,63.11000000000001
True,19,76.71999999999998
True,18,87.53999999999998
False,36,144.28
True,28,123.38999999999999
True,22,92.75000000000001
False,42,207.73000000000002
True,20,65.03999999999999
True,4,10.0
True,31,127.05
True,30,124.65999999999998
False,21,65.42
False,16,54.0
False,29,120.77999999999999
True,15,70.38000000000001
True,46,201.14000000000001
True,28,122.06999999999996
True,12,42.57
True,14,54.28
True,2,10.61
True,31,142.91999999999996
True,12,48.17
True,30,117.77999999999999
True,23,95.96
True,23,88.40999999999998
True,11,36.45
False,32,130.18999999999997
True,15,46.139999999999986
True,31,123.99
True,18,63.45000000000001
True,30,115.17999999999999
True,18,84.13000000000001
True,25,113.4
True,8,24.479999999999997
True,42,184.02
True,15,66.82
False,36,164.02000000000004
True,6,23.619999999999997
False,38,167.00000000000003
True,26,121.86999999999999
True,9,22.41
True,10,40.88
True,16,46.2
False,24,92.78
False,30,136.82000000000002
False,12,33.440000000000005
False,42,210.95
True,17,52.43
True,14,48.260000000000005
True,29,120.99
True,31,136.17000000000002
False,45,214.75000000000003
True,31,125.98999999999998
False,38,158.97
False,19,74.13
True,2,5.32
False,24,107.39
False,37,158.47000000000003
True,10,32.05
False,24,99.28999999999999
True,5,17.86
True,26,117.57000000000002
True,13,63.42
False,28,115.50999999999999
False,34,145.51000000000002
True,31,120.36
True,13,44.269999999999996
True,26,118.82
True,21,86.37
False,30,115.92999999999998
True,16,60.629999999999995
False,26,111.59
True,3,9.83
False,25,101.02
True,21,87.66000000000001
True,20,66.42
False,27,111.97
False,36,156.79999999999998
True,41,183.1
True,1,2.91
True,12,51.67
False,29,125.59000000000002
False,34,150.62
True,28,118.64999999999998
False,39,186.56
True,11,37.97
True,9,26.64
True,16,54.730000000000004
True,26,93.04999999999998
True,12,44.2
True,11,38.09
True,19,67.42999999999999
True,16,40.94
True,6,15.180000000000001
True,3,6.75
False,17,69.46
True,23,84.92999999999999
False,29,98.53
False,31,127.75999999999999
True,5,9.65
True,10,32.17
False,42,171.07999999999996
True,26,104.28000000000002
True,27,123.57000000000001
True,9,41.59
True,5,12.370000000000001
False,34,125.92
False,16,70.36000000000001
True,29,109.50000000000001
True,29,115.95
False,6,21.36
False,39,176.72
True,3,12.2
False,32,125.29
True,44,212.54999999999998
True,33,126.84
True,8,32.290000000000006
True,34,125.71
False,38,162.29999999999998
True,30,99.43999999999998
True,3,8.64
True,7,21.320000000000004
True,25,92.44999999999999
True,31,153.93000000000004
True,3,6.1000000000000005
False,29,128.69
True,3,8.73
True,29,98.07999999999998
True,18,61.329999999999984
False,37,177.0
True,1,4.23
True,16,69.46
False,32,129.27
True,27,103.94999999999999
False,25,81.55999999999999
True,20,76.47999999999999
True,26,104.35
True,9,40.28
True,28,107.66
True,13,39.39
True,5,18.580000000000002
False,43,195.52999999999994
False,43,200.88
True,17,72.47999999999999
True,21,79.86999999999999
False,37,140.75000000000003
True,20,72.39000000000001
True,27,127.17
True,34,158.88
True,21,86.86
True,21,83.11
False,34,166.01000000000005
True,1,1.88
True,10,40.39
False,31,107.28
False,12,51.400000000000006
True,38,195.56999999999996
True,7,18.859999999999996
True,5,12.23
True,30,112.70999999999997
False,32,126.82
True,16,59.6
False,22,82.89000000000001
True,31,108.89999999999998
False,19,69.33
False,20,65.16
False,37,157.35
True,2,7.66
True,13,47.22
True,15,65.99
True,32,125.64000000000001
True,25,87.08
True,31,119.26
False,14,55.75
False,36,150.89999999999998
False,35,139.15
True,2,5.37
False,34,126.86999999999999
False,38,161.92999999999995
False,17,49.44
True,15,67.03
False,43,187.92
True,34,148.88
True,28,107.29
False,31,148.59
True,18,87.08000000000001
True,8,31.82
True,17,69.01
False,19,57.60999999999999
True,23,87.00999999999999
False,35,169.73999999999998
True,5,18.03
True,9,16.05
True,17,49.980000000000004
True,8,30.35
True,26,87.14999999999999
False,35,141.71
True,1,1.41
False,34,131.14000000000001
False,32,128.04999999999998
False,29,132.70999999999998
True,2,6.3
True,1,4.76
True,22,84.51
True,24,103.43
True,30,101.38000000000001
False,40,173.21
True,23,96.5
True,41,162.29
False,38,166.67999999999998
True,20,73.13
True,24,92.57
True,32,143.31
True,8,19.080000000000002
True,4,11.979999999999999
True,23,88.16999999999997
True,33,139.38
True,11,32.54
False,33,126.59999999999998
True,20,76.57
True,11,51.91
False,32,137.11
True,34,138.99
False,31,130.88000000000002
True,9,36.230000000000004
True,6,22.61
True,23,104.13
False,19,78.29
False,28,115.84999999999998
False,31,120.83999999999997
True,6,14.850000000000001
True,6,27.2
True,19,70.08999999999999
True,44,171.45
True,17,41.69
False,24,95.47000000000001
False,30,105.03999999999998
True,10,25.44
True,21,83.00000000000001
True,23,119.91
True,19,78.64
True,3,10.88
True,26,105.00999999999998
True,28,130.56
False,22,77.52999999999999
False,21,82.85
True,31,135.89000000000001
False,36,157.54999999999998
False,22,71.18
False,30,138.17999999999998
True,10,34.68
True,9,26.9
False,34,144.95999999999998
True,16,59.98
True,29,145.09
False,35,147.88999999999996
True,16,70.36999999999999
False,28,113.32
True,16,73.49
True,5,18.75
True,34,141.49999999999997
True,31,138.91999999999993
False,44,186.08
True,21,76.74
False,26,124.55
False,22,95.14
True,45,184.0
True,22,86.71000000000001
True,4,11.31
True,19,75.02
False,19,82.56
False,30,134.45999999999998
True,8,22.14
True,25,114.72999999999999
True,15,50.529999999999994
True,25,78.35000000000001
True,9,35.0
True,29,127.16
True,30,113.22
False,25,77.34
False,24,99.31
True,7,29.36
True,5,16.21
True,23,79.58999999999999
True,4,11.59
True,15,54.97
True,6,16.62
True,40,203.71000000000006
True,17,64.83999999999999
True,31,131.73000000000005
True,1,2.26
True,33,134.60999999999999
True,26,104.03
True,19,66.48000000000002
False,25,89.83999999999999
True,11,34.91
False,39,185.75
True,38,182.18000000000004
True,34,160.25
True,23,93.35
False,28,114.25999999999999
True,38,175.76
True,5,17.19
True,5,13.629999999999999
False,33,143.40999999999997
True,5,14.3
True,36,141.57999999999998
True,1,1.81
True,22,86.13999999999999
False,21,97.79000000000002
False,20,74.74
True,33,117.74999999999999
True,23,80.95
True,41,184.52
True,4,8.6
True,15,67.2
False,20,75.39
True,1,1.37
True,19,69.4
False,29,130.33999999999997
True,6,22.52
True,11,31.110000000000007
True,27,107.33999999999999
False,24,100.28000000000002
True,12,34.24
True,10,31.27
True,31,120.12000000000002
True,29,87.94000000000001
False,29,101.89000000000001
True,31,145.40999999999997
False,30,130.95
False,38,170.73000000000002
True,8,26.08
False,26,91.88000000000002
True,18,72.89
False,41,152.35999999999996
True,17,63.52
False,12,48.52
False,28,112.13
True,33,125.13999999999997
True,14,55.53
True,11,37.52
True,7,16.19
False,39,174.43
False,24,75.85999999999999
True,3,10.139999999999999
True,13,42.38
True,12,42.13000000000001
True,22,68.85
True,2,5.140000000000001
False,37,154.12000000000003
False,22,93.64
False,32,124.46
True,17,70.84000000000002
False,33,144.83
True,11,46.99000000000001
True,24,93.96999999999998
False,25,111.17000000000003
True,29,120.49000000000001
True,23,88.82999999999998
True,12,44.7
True,40,167.1
False,37,169.22
True,32,127.97
True,25,100.50999999999999
False,46,184.37999999999994
False,26,110.75999999999999
False,33,146.71999999999997
False,39,163.05
False,23,85.90000000000002
True,32,130.49999999999997
False,27,100.02
True,27,114.11000000000001
True,10,57.19
True,9,33.18
True,26,101.88000000000001
False,12,33.830000000000005
True,22,71.94000000000001
True,14,60.63999999999999
True,16,46.98000000000002
True,6,16.69
True,28,119.42999999999998
True,30,133.44
True,5,22.06
True,23,81.63
True,24,95.33
False,43,209.95000000000002
False,34,143.98
False,42,206.1
False,11,43.489999999999995
True,10,44.53
True,10,26.1
False,29,118.94999999999999
False,33,128.26000000000002
True,32,143.48000000000002
True,10,29.83
True,23,68.52
True,35,175.07999999999998
False,35,148.21
True,33,153.42
True,22,64.81
False,34,151.31
True,10,24.42
True,17,56.25000000000001
False,29,119.36
True,8,29.169999999999995
True,36,134.81
True,31,126.18
True,25,102.77999999999999
True,19,65.22
True,11,41.21000000000001
True,19,90.58
False,23,77.88000000000001
True,37,141.14999999999998
True,5,13.370000000000001
False,39,176.02999999999997
False,26,115.65999999999998
True,14,52.589999999999996
False,18,65.45
True,36,139.34
True,20,74.03999999999999
False,31,140.67000000000002
True,16,60.269999999999996
False,38,142.84
False,29,128.35000000000002
True,35,137.15999999999997
False,26,83.26
True,19,65.01
True,8,20.349999999999994
True,39,162.99000000000004
True,1,1.81
False,31,133.29999999999998
True,10,31.03
True,8,20.82
True,3,7.430000000000001
False,25,80.96000000000001
True,17,51.21000000000001
True,8,22.03
True,30,131.67000000000002
True,3,12.319999999999999
False,39,176.20999999999998
True,2,3.8200000000000003
True,7,24.430000000000003
True,25,97.32999999999998
True,6,21.229999999999997
True,22,89.98
True,2,6.630000000000001
True,2,6.42
False,25,106.36999999999998
False,48,216.32000000000002
True,1,1.67
False,23,86.33000000000001
True,14,63.35000000000001
True,12,35.18
False,31,140.71
False,32,123.87000000000002
True,18,56.42
True,24,89.73
True,14,32.74
False,36,132.99000000000004
True,4,8.059999999999999
False,40,191.76999999999998
True,28,123.77000000000001
False,30,123.98
True,34,117.85
False,25,91.0
True,37,166.77
True,6,18.840000000000003
True,10,35.23
True,5,20.68
True,12,51.37
True,24,90.07
True,16,64.10000000000001
True,16,68.24
True,11,32.949999999999996
False,35,149.45999999999998
False,39,163.09999999999994
False,30,112.15
True,5,15.180000000000001
True,10,28.990000000000002
True,36,151.48999999999998
True,26,106.68999999999998
False,36,148.51
False,33,128.98
True,15,40.92
True,18,56.08
True,19,70.46000000000001
True,15,60.22
True,11,41.370000000000005
True,17,67.22999999999999
False,39,157.27
False,17,50.27000000000002
True,3,6.68
False,26,107.64999999999999
False,43,176.02
True,5,10.66
False,32,122.64999999999999
False,30,121.42000000000003
True,9,36.16
True,8,24.819999999999997
True,19,68.39
True,12,40.26
True,9,28.349999999999998
True,26,99.58999999999999
True,9,22.96
True,30,129.28000000000003
True,13,51.410000000000004
True,35,144.28000000000003
True,27,98.12999999999998
True,16,59.339999999999996
True,11,33.11
True,8,21.1
False,43,211.67
False,26,94.22000000000001
True,5,11.620000000000001
True,3,7.8
True,23,103.12999999999998
True,2,5.59
False,37,162.59
True,17,72.85999999999999
True,25,125.96999999999998
False,12,42.540000000000006
False,28,123.13999999999999
True,6,19.95
True,7,15.690000000000001
True,13,38.84
True,2,6.2700000000000005
True,30,117.46999999999998
True,17,49.28
False,26,124.78
True,2,8.41
True,6,23.12
True,33,134.34999999999997
True,22,93.97
True,2,4.22
True,18,74.68
True,10,22.679999999999996
True,4,14.079999999999998
True,4,10.790000000000001
True,18,71.55
False,30,130.85999999999999
True,22,70.47000000000001
False,12,39.550000000000004
True,37,160.27000000000004
False,26,101.33999999999999
False,26,91.78999999999999
True,30,128.04999999999998
True,15,52.31
True,34,153.22
True,21,76.55999999999997
False,37,160.92
True,18,73.18
True,31,141.85
True,27,94.18
True,27,96.02000000000001
False,29,117.50000000000001
True,2,5.32
True,28,122.74000000000002
True,35,148.26999999999998
True,8,35.89
True,24,109.85
True,5,14.690000000000001
True,13,37.23000000000001
True,14,42.39
True,26,118.88999999999999
False,28,106.42999999999999
True,3,6.75
False,22,88.41
True,19,66.95999999999998
False,33,144.48000000000005
True,2,3.2
True,35,146.76999999999998
True,24,99.07
True,29,117.48
False,16,63.51
True,4,9.03
False,23,100.56
True,37,176.95000000000002
False,35,149.07
True,18,70.79999999999998
True,17,64.77
False,33,150.92999999999998
False,27,123.95
True,15,65.74000000000001
True,32,167.00999999999996
True,13,40.209999999999994
True,30,133.1
True,46,175.79000000000002
True,34,128.10999999999999
True,7,23.38
True,16,59.4
True,32,135.46999999999997
False,40,172.75000000000003
True,39,181.85000000000002
True,34,168.17000000000004
True,32,134.14999999999998
True,5,14.959999999999999
True,11,32.84
True,31,106.06
False,38,173.32000000000002
True,32,126.08999999999997
True,24,96.9
False,38,194.26000000000005
True,1,6.38
True,3,7.279999999999999
True,13,44.89
True,7,22.450000000000003
True,19,84.46000000000002
False,34,135.64999999999998
True,21,68.63000000000001
True,8,23.330000000000002
True,33,150.56
True,26,101.67999999999999
True,30,104.55000000000001
False,37,149.60999999999999
True,4,9.05
True,14,57.35
False,28,112.41999999999999
True,14,34.519999999999996
True,11,43.709999999999994
False,22,75.03
True,13,56.559999999999995
False,26,132.69
False,41,164.8
False,37,166.01999999999998
False,19,50.61000000000001
True,10,42.89
True,43,199.86999999999998
True,18,76.72
True,9,33.6
True,32,121.88
False,43,196.67000000000002
False,37,163.26999999999995
True,36,155.45999999999998
True,18,65.88
True,9,25.56
True,22,85.46000000000002
True,15,47.82000000000001
True,11,61.58
False,28,122.22000000000001
False,18,68.96
True,20,76.32
True,9,28.1
True,8,26.830000000000002
False,21,75.67
True,16,65.46
False,24,82.63
True,12,31.47
False,25,86.52
True,16,49.34
False,38,167.76000000000002
True,11,41.83
True,25,107.03999999999999
True,6,12.92
True,18,74.1
True,28,106.29999999999998
True,11,34.0
True,26,95.82999999999998
True,19,69.22000000000001
True,27,106.0
True,6,15.030000000000001
False,30,132.07999999999998
True,9,23.35
True,19,71.61000000000001
False,43,203.75999999999996
True,30,123.51999999999998
True,21,87.09
True,33,135.25999999999993
True,16,68.07
True,17,48.900000000000006
True,18,72.76
False,32,124.32000000000001
True,25,94.38000000000001
True,40,161.84000000000003
False,41,163.58
True,32,147.54999999999995
True,17,51.02000000000001
True,15,49.05999999999999
False,26,109.34000000000002
False,34,148.98999999999998
False,32,154.24
True,7,28.03
True,23,68.64999999999999
True,25,92.08
True,17,58.90999999999999
True,6,15.55
True,17,81.84
True,8,27.290000000000003
True,11,26.51
True,19,62.53999999999999
False,24,87.51999999999998
False,21,70.95
True,15,67.8
True,26,97.54999999999998
True,34,156.67999999999998
False,31,136.34
True,1,3.24
True,32,126.75000000000001
True,14,57.71000000000001
True,37,146.4
True,8,22.970000000000002
True,26,96.39
False,33,163.20000000000002
False,25,102.47
True,25,109.75999999999999
False,33,155.21
True,15,50.29
True,26,104.88
False,21,79.66000000000001
False,14,35.33
True,41,183.74
True,7,15.28
True,1,3.24
True,29,114.77999999999997
True,27,118.28
True,22,85.03000000000002
True,18,81.46
True,33,133.20999999999998
False,28,113.91999999999999
True,7,21.32
True,18,65.62
False,40,191.81
True,2,10.35
True,16,61.83
True,19,66.22
True,19,73.77999999999999
True,17,54.75999999999999
True,34,152.25000000000003
False,43,192.86000000000004
True,10,27.36
False,29,112.97000000000001
True,42,197.62
True,2,7.1
False,46,202.74999999999997
True,36,131.88999999999996
True,28,116.50999999999999
True,20,64.16999999999999
True,26,90.50999999999996
True,16,54.16
False,29,115.97
False,31,119.88
True,31,119.66999999999999
True,32,132.33
False,27,107.60999999999997
True,32,157.86
True,36,172.82000000000002
True,9,26.89
True,41,198.57999999999998
True,5,15.830000000000002
False,39,190.51999999999998
